event_id,participant_id,condition_id,session_id,event_type,timestamp_ms,trial_id,trial_index,decision,latency_ms,ai_reco,ground_truth,follow_ai,ai_correct,cue_source,cue_modules,agent_name,agent_tone,agent_personality,agent_avatar_label,study_run_id
20000000-0000-4000-8000-000000000001,10000000-0000-4000-8000-000000000001,control,11000000-0000-4000-8000-000000000001,task_shown,1800000000000,ops_01,0,,,,,,,,,,,,,synthetic-pilot-v1
20000000-0000-4000-8000-000000000002,10000000-0000-4000-8000-000000000001,control,11000000-0000-4000-8000-000000000001,decision,1800000001200,ops_01,0,accept,1200,proceed,proceed,true,true,control,,,,,,synthetic-pilot-v1
20000000-0000-4000-8000-000000000003,10000000-0000-4000-8000-000000000001,control,11000000-0000-4000-8000-000000000001,task_shown,1800000003000,ops_02,1,,,,,,,,,,,,,synthetic-pilot-v1
20000000-0000-4000-8000-000000000004,10000000-0000-4000-8000-000000000001,control,11000000-0000-4000-8000-000000000001,decision,1800000004337,ops_02,1,override,1337,proceed,reject,false,false,control,,,,,,synthetic-pilot-v1
20000000-0000-4000-8000-000000000005,10000000-0000-4000-8000-000000000001,control,11000000-0000-4000-8000-000000000001,task_shown,1800000006000,ops_03,2,,,,,,,,,,,,,synthetic-pilot-v1
20000000-0000-4000-8000-000000000006,10000000-0000-4000-8000-000000000001,control,11000000-0000-4000-8000-000000000001,decision,1800000007474,ops_03,2,accept,1474,reject,proceed,true,false,control,,,,,,synthetic-pilot-v1
20000000-0000-4000-8000-000000000007,10000000-0000-4000-8000-000000000001,control,11000000-0000-4000-8000-000000000001,decision,1800000007874,ops_03,2,override,1874,reject,proceed,false,false,control,,,,,,synthetic-pilot-v1
20000000-0000-4000-8000-000000000008,10000000-0000-4000-8000-000000000001,control,11000000-0000-4000-8000-000000000001,task_shown,1800000009000,ops_04,3,,,,,,,,,,,,,synthetic-pilot-v1
20000000-0000-4000-8000-000000000009,10000000-0000-4000-8000-000000000001,control,11000000-0000-4000-8000-000000000001,decision,1800000010611,ops_04,3,override,1611,proceed,proceed,false,true,control,,,,,,synthetic-pilot-v1
20000000-0000-4000-8000-000000000010,10000000-0000-4000-8000-000000000001,control,11000000-0000-4000-8000-000000000001,task_shown,1800000012000,ops_05,4,,,,,,,,,,,,,synthetic-pilot-v1
20000000-0000-4000-8000-000000000011,10000000-0000-4000-8000-000000000001,control,11000000-0000-4000-8000-000000000001,decision,1800000013748,ops_05,4,accept,1748,reject,reject,true,true,control,,,,,,synthetic-pilot-v1
20000000-0000-4000-8000-000000000012,10000000-0000-4000-8000-000000000001,control,11000000-0000-4000-8000-000000000001,task_shown,1800000015000,ops_06,5,,,,,,,,,,,,,synthetic-pilot-v1
20000000-0000-4000-8000-000000000013,10000000-0000-4000-8000-000000000001,control,11000000-0000-4000-8000-000000000001,decision,1800000016885,ops_06,5,override,1885,proceed,reject,false,false,control,,,,,,synthetic-pilot-v1
20000000-0000-4000-8000-000000000014,10000000-0000-4000-8000-000000000001,control,11000000-0000-4000-8000-000000000001,task_shown,1800000018000,ops_07,6,,,,,,,,,,,,,synthetic-pilot-v1
20000000-0000-4000-8000-000000000015,10000000-0000-4000-8000-000000000001,control,11000000-0000-4000-8000-000000000001,decision,1800000020022,ops_07,6,accept,2022,reject,reject,true,true,control,,,,,,synthetic-pilot-v1
20000000-0000-4000-8000-000000000016,10000000-0000-4000-8000-000000000001,control,11000000-0000-4000-8000-000000000001,task_shown,1800000021000,ops_08,7,,,,,,,,,,,,,synthetic-pilot-v1
20000000-0000-4000-8000-000000000017,10000000-0000-4000-8000-000000000001,control,11000000-0000-4000-8000-000000000001,decision,1800000022259,ops_08,7,override,1259,reject,reject,false,true,control,,,,,,synthetic-pilot-v1
20000000-0000-4000-8000-000000000018,10000000-0000-4000-8000-000000000001,control,11000000-0000-4000-8000-000000000001,task_shown,1800000024000,ops_09,8,,,,,,,,,,,,,synthetic-pilot-v1
20000000-0000-4000-8000-000000000019,10000000-0000-4000-8000-000000000001,control,11000000-0000-4000-8000-000000000001,decision,1800000025396,ops_09,8,accept,1396,reject,proceed,true,false,control,,,,,,synthetic-pilot-v1
20000000-0000-4000-8000-000000000020,10000000-0000-4000-8000-000000000001,control,11000000-0000-4000-8000-000000000001,task_shown,1800000027000,ops_10,9,,,,,,,,,,,,,synthetic-pilot-v1
20000000-0000-4000-8000-000000000021,10000000-0000-4000-8000-000000000001,control,11000000-0000-4000-8000-000000000001,decision,1800000028533,ops_10,9,override,1533,proceed,proceed,false,true,control,,,,,,synthetic-pilot-v1
20000000-0000-4000-8000-000000000022,10000000-0000-4000-8000-000000000002,industry_set,11000000-0000-4000-8000-000000000002,task_shown,1800000100000,ops_01,0,,,,,,,,,,,,,synthetic-pilot-v1
20000000-0000-4000-8000-000000000023,10000000-0000-4000-8000-000000000002,industry_set,11000000-0000-4000-8000-000000000002,decision,1800000101283,ops_01,0,override,1283,proceed,proceed,false,true,industry_set,agent_name|tone_warmth|avatar|personality|confidence_explanation,Atlas,warm,calm,AT,synthetic-pilot-v1
20000000-0000-4000-8000-000000000024,10000000-0000-4000-8000-000000000002,industry_set,11000000-0000-4000-8000-000000000002,task_shown,1800000103000,ops_02,1,,,,,,,,,,,,,synthetic-pilot-v1
20000000-0000-4000-8000-000000000025,10000000-0000-4000-8000-000000000002,industry_set,11000000-0000-4000-8000-000000000002,decision,1800000104420,ops_02,1,accept,1420,proceed,reject,true,false,industry_set,agent_name|tone_warmth|avatar|personality|confidence_explanation,Atlas,warm,calm,AT,synthetic-pilot-v1
20000000-0000-4000-8000-000000000026,10000000-0000-4000-8000-000000000002,industry_set,11000000-0000-4000-8000-000000000002,task_shown,1800000106000,ops_03,2,,,,,,,,,,,,,synthetic-pilot-v1
20000000-0000-4000-8000-000000000027,10000000-0000-4000-8000-000000000002,industry_set,11000000-0000-4000-8000-000000000002,decision,1800000107557,ops_03,2,override,1557,reject,proceed,false,false,industry_set,agent_name|tone_warmth|avatar|personality|confidence_explanation,Atlas,warm,calm,AT,synthetic-pilot-v1
20000000-0000-4000-8000-000000000028,10000000-0000-4000-8000-000000000002,industry_set,11000000-0000-4000-8000-000000000002,task_shown,1800000109000,ops_04,3,,,,,,,,,,,,,synthetic-pilot-v1
20000000-0000-4000-8000-000000000029,10000000-0000-4000-8000-000000000002,industry_set,11000000-0000-4000-8000-000000000002,decision,1800000110694,ops_04,3,accept,1694,proceed,proceed,true,true,industry_set,agent_name|tone_warmth|avatar|personality|confidence_explanation,Atlas,warm,calm,AT,synthetic-pilot-v1
20000000-0000-4000-8000-000000000030,10000000-0000-4000-8000-000000000002,industry_set,11000000-0000-4000-8000-000000000002,task_shown,1800000112000,ops_05,4,,,,,,,,,,,,,synthetic-pilot-v1
20000000-0000-4000-8000-000000000031,10000000-0000-4000-8000-000000000002,industry_set,11000000-0000-4000-8000-000000000002,decision,1800000113831,ops_05,4,override,1831,reject,reject,false,true,industry_set,agent_name|tone_warmth|avatar|personality|confidence_explanation,Atlas,warm,calm,AT,synthetic-pilot-v1
20000000-0000-4000-8000-000000000032,10000000-0000-4000-8000-000000000002,industry_set,11000000-0000-4000-8000-000000000002,task_shown,1800000115000,ops_06,5,,,,,,,,,,,,,synthetic-pilot-v1
20000000-0000-4000-8000-000000000033,10000000-0000-4000-8000-000000000002,industry_set,11000000-0000-4000-8000-000000000002,decision,1800000116968,ops_06,5,accept,1968,proceed,reject,true,false,industry_set,agent_name|tone_warmth|avatar|personality|confidence_explanation,Atlas,warm,calm,AT,synthetic-pilot-v1
20000000-0000-4000-8000-000000000034,10000000-0000-4000-8000-000000000002,industry_set,11000000-0000-4000-8000-000000000002,task_shown,1800000118000,ops_07,6,,,,,,,,,,,,,synthetic-pilot-v1
20000000-0000-4000-8000-000000000035,10000000-0000-4000-8000-000000000002,industry_set,11000000-0000-4000-8000-000000000002,decision,1800000119205,ops_07,6,override,1205,reject,reject,false,true,industry_set,agent_name|tone_warmth|avatar|personality|confidence_explanation,Atlas,warm,calm,AT,synthetic-pilot-v1
20000000-0000-4000-8000-000000000036,10000000-0000-4000-8000-000000000002,industry_set,11000000-0000-4000-8000-000000000002,task_shown,1800000121000,ops_08,7,,,,,,,,,,,,,synthetic-pilot-v1
20000000-0000-4000-8000-000000000037,10000000-0000-4000-8000-000000000002,industry_set,11000000-0000-4000-8000-000000000002,decision,1800000122342,ops_08,7,accept,1342,reject,reject,true,true,industry_set,agent_name|tone_warmth|avatar|personality|confidence_explanation,Atlas,warm,calm,AT,synthetic-pilot-v1
20000000-0000-4000-8000-000000000038,10000000-0000-4000-8000-000000000002,industry_set,11000000-0000-4000-8000-000000000002,task_shown,1800000124000,ops_09,8,,,,,,,,,,,,,synthetic-pilot-v1
20000000-0000-4000-8000-000000000039,10000000-0000-4000-8000-000000000002,industry_set,11000000-0000-4000-8000-000000000002,decision,1800000125479,ops_09,8,override,1479,reject,proceed,false,false,industry_set,agent_name|tone_warmth|avatar|personality|confidence_explanation,Atlas,warm,calm,AT,synthetic-pilot-v1
20000000-0000-4000-8000-000000000040,10000000-0000-4000-8000-000000000002,industry_set,11000000-0000-4000-8000-000000000002,task_shown,1800000127000,ops_10,9,,,,,,,,,,,,,synthetic-pilot-v1
20000000-0000-4000-8000-000000000041,10000000-0000-4000-8000-000000000002,industry_set,11000000-0000-4000-8000-000000000002,decision,1800000128616,ops_10,9,accept,1616,proceed,proceed,true,true,industry_set,agent_name|tone_warmth|avatar|personality|confidence_explanation,Atlas,warm,calm,AT,synthetic-pilot-v1
20000000-0000-4000-8000-000000000042,10000000-0000-4000-8000-000000000003,user_set,11000000-0000-4000-8000-000000000003,task_shown,1800000200000,ops_01,0,,,,,,,,,,,,,synthetic-pilot-v1
20000000-0000-4000-8000-000000000043,10000000-0000-4000-8000-000000000003,user_set,11000000-0000-4000-8000-000000000003,decision,1800000201366,ops_01,0,accept,1366,proceed,proceed,true,true,user_set,agent_name|tone_warmth|avatar|personality|confidence_explanation,Nova,warm,supportive,NV,synthetic-pilot-v1
20000000-0000-4000-8000-000000000044,10000000-0000-4000-8000-000000000003,user_set,11000000-0000-4000-8000-000000000003,task_shown,1800000203000,ops_02,1,,,,,,,,,,,,,synthetic-pilot-v1
20000000-0000-4000-8000-000000000045,10000000-0000-4000-8000-000000000003,user_set,11000000-0000-4000-8000-000000000003,decision,1800000204503,ops_02,1,override,1503,proceed,reject,false,false,user_set,agent_name|tone_warmth|avatar|personality|confidence_explanation,Nova,warm,supportive,NV,synthetic-pilot-v1
20000000-0000-4000-8000-000000000046,10000000-0000-4000-8000-000000000003,user_set,11000000-0000-4000-8000-000000000003,task_shown,1800000206000,ops_03,2,,,,,,,,,,,,,synthetic-pilot-v1
20000000-0000-4000-8000-000000000047,10000000-0000-4000-8000-000000000003,user_set,11000000-0000-4000-8000-000000000003,decision,1800000207640,ops_03,2,accept,1640,reject,proceed,true,false,user_set,agent_name|tone_warmth|avatar|personality|confidence_explanation,Nova,warm,supportive,NV,synthetic-pilot-v1
20000000-0000-4000-8000-000000000048,10000000-0000-4000-8000-000000000003,user_set,11000000-0000-4000-8000-000000000003,task_shown,1800000209000,ops_04,3,,,,,,,,,,,,,synthetic-pilot-v1
20000000-0000-4000-8000-000000000049,10000000-0000-4000-8000-000000000003,user_set,11000000-0000-4000-8000-000000000003,decision,1800000210777,ops_04,3,override,1777,proceed,proceed,false,true,user_set,agent_name|tone_warmth|avatar|personality|confidence_explanation,Nova,warm,supportive,NV,synthetic-pilot-v1
20000000-0000-4000-8000-000000000050,10000000-0000-4000-8000-000000000003,user_set,11000000-0000-4000-8000-000000000003,task_shown,1800000212000,ops_05,4,,,,,,,,,,,,,synthetic-pilot-v1
20000000-0000-4000-8000-000000000051,10000000-0000-4000-8000-000000000003,user_set,11000000-0000-4000-8000-000000000003,decision,1800000213914,ops_05,4,accept,1914,reject,reject,true,true,user_set,agent_name|tone_warmth|avatar|personality|confidence_explanation,Nova,warm,supportive,NV,synthetic-pilot-v1
20000000-0000-4000-8000-000000000052,10000000-0000-4000-8000-000000000003,user_set,11000000-0000-4000-8000-000000000003,task_shown,1800000215000,ops_06,5,,,,,,,,,,,,,synthetic-pilot-v1
20000000-0000-4000-8000-000000000053,10000000-0000-4000-8000-000000000003,user_set,11000000-0000-4000-8000-000000000003,decision,1800000217051,ops_06,5,override,2051,proceed,reject,false,false,user_set,agent_name|tone_warmth|avatar|personality|confidence_explanation,Nova,warm,supportive,NV,synthetic-pilot-v1
20000000-0000-4000-8000-000000000054,10000000-0000-4000-8000-000000000003,user_set,11000000-0000-4000-8000-000000000003,task_shown,1800000218000,ops_07,6,,,,,,,,,,,,,synthetic-pilot-v1
20000000-0000-4000-8000-000000000055,10000000-0000-4000-8000-000000000003,user_set,11000000-0000-4000-8000-000000000003,decision,1800000219288,ops_07,6,accept,1288,reject,reject,true,true,user_set,agent_name|tone_warmth|avatar|personality|confidence_explanation,Nova,warm,supportive,NV,synthetic-pilot-v1
20000000-0000-4000-8000-000000000056,10000000-0000-4000-8000-000000000003,user_set,11000000-0000-4000-8000-000000000003,task_shown,1800000221000,ops_08,7,,,,,,,,,,,,,synthetic-pilot-v1
20000000-0000-4000-8000-000000000057,10000000-0000-4000-8000-000000000003,user_set,11000000-0000-4000-8000-000000000003,decision,1800000222425,ops_08,7,override,1425,reject,reject,false,true,user_set,agent_name|tone_warmth|avatar|personality|confidence_explanation,Nova,warm,supportive,NV,synthetic-pilot-v1
20000000-0000-4000-8000-000000000058,10000000-0000-4000-8000-000000000003,user_set,11000000-0000-4000-8000-000000000003,task_shown,1800000224000,ops_09,8,,,,,,,,,,,,,synthetic-pilot-v1
20000000-0000-4000-8000-000000000059,10000000-0000-4000-8000-000000000003,user_set,11000000-0000-4000-8000-000000000003,decision,1800000225562,ops_09,8,accept,1562,reject,proceed,true,false,user_set,agent_name|tone_warmth|avatar|personality|confidence_explanation,Nova,warm,supportive,NV,synthetic-pilot-v1
20000000-0000-4000-8000-000000000060,10000000-0000-4000-8000-000000000003,user_set,11000000-0000-4000-8000-000000000003,task_shown,1800000227000,ops_10,9,,,,,,,,,,,,,synthetic-pilot-v1
20000000-0000-4000-8000-000000000061,10000000-0000-4000-8000-000000000003,user_set,11000000-0000-4000-8000-000000000003,decision,1800000228699,ops_10,9,override,1699,proceed,proceed,false,true,user_set,agent_name|tone_warmth|avatar|personality|confidence_explanation,Nova,warm,supportive,NV,synthetic-pilot-v1
